{
  "formatVersion": 1,
  "database": {
    "version": 5,
    "identityHash": "193bc1c618a38c20879a05316d8b39d9",
    "entities": [
      {
        "tableName": "customers",
        "createSql": "CREATE TABLE IF NOT EXISTS `${TABLE_NAME}` (`id` INTEGER PRIMARY KEY AUTOINCREMENT NOT NULL, `name` TEXT NOT NULL, `businessName` TEXT, `businessNumber` TEXT, `email` TEXT NOT NULL, `phone` TEXT NOT NULL, `address` TEXT NOT NULL)",
        "fields": [
          {
            "fieldPath": "id",
            "columnName": "id",
            "affinity": "INTEGER",
            "notNull": true
          },
          {
            "fieldPath": "name",
            "columnName": "name",
            "affinity": "TEXT",
            "notNull": true
          },
          {
            "fieldPath": "businessName",
            "columnName": "businessName",
            "affinity": "TEXT",
            "notNull": false
          },
          {
            "fieldPath": "businessNumber",
            "columnName": "businessNumber",
            "affinity": "TEXT",
            "notNull": false
          },
          {
            "fieldPath": "email",
            "columnName": "email",
            "affinity": "TEXT",
            "notNull": true
          },
          {
            "fieldPath": "phone",
            "columnName": "phone",
            "affinity": "TEXT",
            "notNull": true
          },
          {
            "fieldPath": "address",
            "columnName": "address",
            "affinity": "TEXT",
            "notNull": true
          }
        ],
        "primaryKey": {
          "autoGenerate": true,
          "columnNames": [
            "id"
          ]
        },
        "indices": [],
        "foreignKeys": []
      },
      {
        "tableName": "invoices",
        "createSql": "CREATE TABLE IF NOT EXISTS `${TABLE_NAME}` (`invoiceId` INTEGER PRIMARY KEY AUTOINCREMENT NOT NULL, `customerId` INTEGER, `customerName` TEXT NOT NULL, `date` INTEGER NOT NULL, `totalAmount` REAL NOT NULL, `isQuote` INTEGER NOT NULL, `status` TEXT NOT NULL, `photoUris` TEXT NOT NULL, `header` TEXT, `subheader` TEXT, `notes` TEXT, `footer` TEXT, `pdfUri` TEXT, FOREIGN KEY(`customerId`) REFERENCES `customers`(`id`) ON UPDATE NO ACTION ON DELETE SET NULL )",
        "fields": [
          {
            "fieldPath": "invoiceId",
            "columnName": "invoiceId",
            "affinity": "INTEGER",
            "notNull": true
          },
          {
            "fieldPath": "customerId",
            "columnName": "customerId",
            "affinity": "INTEGER",
            "notNull": false
          },
          {
            "fieldPath": "customerName",
            "columnName": "customerName",
            "affinity": "TEXT",
            "notNull": true
          },
          {
            "fieldPath": "date",
            "columnName": "date",
            "affinity": "INTEGER",
            "notNull": true
          },
          {
            "fieldPath": "totalAmount",
            "columnName": "totalAmount",
            "affinity": "REAL",
            "notNull": true
          },
          {
            "fieldPath": "isQuote",
            "columnName": "isQuote",
            "affinity": "INTEGER",
            "notNull": true
          },
          {
            "fieldPath": "status",
            "columnName": "status",
            "affinity": "TEXT",
            "notNull": true
          },
          {
            "fieldPath": "photoUris",
            "columnName": "photoUris",
            "affinity": "TEXT",
            "notNull": true
          },
          {
            "fieldPath": "header",
            "columnName": "header",
            "affinity": "TEXT",
            "notNull": false
          },
          {
            "fieldPath": "subheader",
            "columnName": "subheader",
            "affinity": "TEXT",
            "notNull": false
          },
          {
            "fieldPath": "notes",
            "columnName": "notes",
            "affinity": "TEXT",
            "notNull": false
          },
          {
            "fieldPath": "footer",
            "columnName": "footer",
            "affinity": "TEXT",
            "notNull": false
          },
          {
            "fieldPath": "pdfUri",
            "columnName": "pdfUri",
            "affinity": "TEXT",
            "notNull": false
          }
        ],
        "primaryKey": {
          "autoGenerate": true,
          "columnNames": [
            "invoiceId"
          ]
        },
        "indices": [
          {
            "name": "index_invoices_customerId",
            "unique": false,
            "columnNames": [
              "customerId"
            ],
            "orders": [],
            "createSql": "CREATE INDEX IF NOT EXISTS `index_invoices_customerId` ON `${TABLE_NAME}` (`customerId`)"
          }
        ],
        "foreignKeys": [
          {
            "table": "customers",
            "onDelete": "SET NULL",
            "onUpdate": "NO ACTION",
            "columns": [
              "customerId"
            ],
            "referencedColumns": [
              "id"
            ]
          }
        ]
      },
      {
        "tableName": "line_items",
        "createSql": "CREATE TABLE IF NOT EXISTS `${TABLE_NAME}` (`itemId` INTEGER PRIMARY KEY AUTOINCREMENT NOT NULL, `parentInvoiceId` INTEGER NOT NULL, `description` TEXT NOT NULL, `quantity` REAL NOT NULL, `unitPrice` REAL NOT NULL, FOREIGN KEY(`parentInvoiceId`) REFERENCES `invoices`(`invoiceId`) ON UPDATE NO ACTION ON DELETE CASCADE )",
        "fields": [
          {
            "fieldPath": "itemId",
            "columnName": "itemId",
            "affinity": "INTEGER",
            "notNull": true
          },
          {
            "fieldPath": "parentInvoiceId",
            "columnName": "parentInvoiceId",
            "affinity": "INTEGER",
            "notNull": true
          },
          {
            "fieldPath": "description",
            "columnName": "description",
            "affinity": "TEXT",
            "notNull": true
          },
          {
            "fieldPath": "quantity",
            "columnName": "quantity",
            "affinity": "REAL",
            "notNull": true
          },
          {
            "fieldPath": "unitPrice",
            "columnName": "unitPrice",
            "affinity": "REAL",
            "notNull": true
          }
        ],
        "primaryKey": {
          "autoGenerate": true,
          "columnNames": [
            "itemId"
          ]
        },
        "indices": [
          {
            "name": "index_line_items_parentInvoiceId",
            "unique": false,
            "columnNames": [
              "parentInvoiceId"
            ],
            "orders": [],
            "createSql": "CREATE INDEX IF NOT EXISTS `index_line_items_parentInvoiceId` ON `${TABLE_NAME}` (`parentInvoiceId`)"
          }
        ],
        "foreignKeys": [
          {
            "table": "invoices",
            "onDelete": "CASCADE",
            "onUpdate": "NO ACTION",
            "columns": [
              "parentInvoiceId"
            ],
            "referencedColumns": [
              "invoiceId"
            ]
          }
        ]
      },
      {
        "tableName": "prefilled_items",
        "createSql": "CREATE TABLE IF NOT EXISTS `${TABLE_NAME}` (`id` INTEGER PRIMARY KEY AUTOINCREMENT NOT NULL, `description` TEXT NOT NULL, `unitPrice` REAL NOT NULL)",
        "fields": [
          {
            "fieldPath": "id",
            "columnName": "id",
            "affinity": "INTEGER",
            "notNull": true
          },
          {
            "fieldPath": "description",
            "columnName": "description",
            "affinity": "TEXT",
            "notNull": true
          },
          {
            "fieldPath": "unitPrice",
            "columnName": "unitPrice",
            "affinity": "REAL",
            "notNull": true
          }
        ],
        "primaryKey": {
          "autoGenerate": true,
          "columnNames": [
            "id"
          ]
        },
        "indices": [],
        "foreignKeys": []
      }
    ],
    "views": [],
    "setupQueries": [
      "CREATE TABLE IF NOT EXISTS room_master_table (id INTEGER PRIMARY KEY,identity_hash TEXT)",
      "INSERT OR REPLACE INTO room_master_table (id,identity_hash) VALUES(42, '193bc1c618a38c20879a05316d8b39d9')"
    ]
  }
}